bairro_origem,bairro_destino,logradouro,observacao,peso
Recife,Boa Vista,p.boa_vista,"p = ponte",1.2
Recife,Coelhos,p.joaquim_cardozo,"p = ponte",1.2
Recife,Arruda,av.via_central,"av = arterial",0.8
Recife,Agua Fria,av.via_central,"av = arterial",0.8
Recife,Beberibe,av.via_central,"av = arterial",0.8
Recife,Aflitos,av.via_central,"av = arterial",0.8
Recife,Alto Jose Bonifacio,av.via_central_norte,"av = arterial",0.8
Recife,Brejo Da Guabiraba,av.perimetral_norte,"av = arterial",0.8
Recife,Cordeiro,av.caxanga,"av = arterial",0.8
Recife,Engenho Do Meio,av.caxanga,"av = arterial",0.8
Recife,Caxanga,av.caxanga,"av = arterial",0.8
Recife,Afogados,av.sul,"av = arterial",0.8
Recife,Areias,av.sul,"av = arterial",0.8
Recife,Barro,br232_acesso,"rodovia arterial",0.8
Recife,Boa Viagem,av.agamenon+av.sul,"av = arterial",0.8
Recife,Ibura,av.recife_sul,"av = arterial",0.8
Recife,Cohab,av.recife_sul,"av = arterial",0.8
Boa Vista,Coelhos,r.dos_coelhos,"r = rua",1.0
Boa Vista,Arruda,av.agamenon_leste,"av = arterial",0.8
Boa Vista,Agua Fria,av.agamenon_leste,"av = arterial",0.8
Boa Vista,Beberibe,av.joao_de_barros,"av = arterial",0.8
Boa Vista,Aflitos,r.ligacao_centro_norte,"r = rua",1.0
Boa Vista,Alto Jose Bonifacio,av.norte,"av = arterial",0.8
Boa Vista,Brejo Da Guabiraba,av.perimetral_norte,"av = arterial",0.8
Boa Vista,Cordeiro,av.caxanga,"av = arterial",0.8
Boa Vista,Engenho Do Meio,av.caxanga,"av = arterial",0.8
Boa Vista,Caxanga,av.caxanga,"av = arterial",0.8
Boa Vista,Afogados,av.sul,"av = arterial",0.8
Boa Vista,Areias,av.sul,"av = arterial",0.8
Boa Vista,Barro,br232_acesso,"rodovia arterial",0.8
Boa Vista,Boa Viagem,p.paulo_guerra,"p = ponte",1.2
Boa Vista,Ibura,av.recife_sul,"av = arterial",0.8
Boa Vista,Cohab,av.recife_sul,"av = arterial",0.8
Coelhos,Arruda,r.col_1_3__2_1,"r = rua",1.0
Coelhos,Agua Fria,av.via_leste,"av = arterial",0.8
Coelhos,Beberibe,av.via_leste,"av = arterial",0.8
Coelhos,Aflitos,r.ligacao_bv_aflitos,"r = rua",1.0
Coelhos,Alto Jose Bonifacio,av.norte,"av = arterial",0.8
Coelhos,Brejo Da Guabiraba,av.perimetral_norte,"av = arterial",0.8
Coelhos,Cordeiro,av.caxanga,"av = arterial",0.8
Coelhos,Engenho Do Meio,av.caxanga,"av = arterial",0.8
Coelhos,Caxanga,av.caxanga,"av = arterial",0.8
Coelhos,Afogados,av.sul,"av = arterial",0.8
Coelhos,Areias,av.sul,"av = arterial",0.8
Coelhos,Barro,br232_acesso,"rodovia arterial",0.8
Coelhos,Boa Viagem,p.pina,"p = ponte",1.2
Coelhos,Ibura,av.sul_prolong,"av = arterial",0.8
Coelhos,Cohab,av.sul_prolong,"av = arterial",0.8
Arruda,Agua Fria,av.beberibe,"av = arterial",0.8
Arruda,Beberibe,av.prof_jose_dos_anjos,"av = arterial",0.8
Arruda,Aflitos,r.ligacao_norte,"r = rua",1.0
Arruda,Alto Jose Bonifacio,av.norte,"av = arterial",0.8
Arruda,Brejo Da Guabiraba,av.perimetral_norte,"av = arterial",0.8
Arruda,Cordeiro,av.caxanga,"av = arterial",0.8
Arruda,Engenho Do Meio,av.caxanga,"av = arterial",0.8
Arruda,Caxanga,av.caxanga,"av = arterial",0.8
Arruda,Afogados,av.abdias,"av = arterial",0.8
Arruda,Areias,av.abdias,"av = arterial",0.8
Arruda,Barro,br232_acesso,"rodovia arterial",0.8
Arruda,Boa Viagem,av.agamenon+av.sul,"av = arterial",0.8
Arruda,Ibura,av.recife_sul,"av = arterial",0.8
Arruda,Cohab,av.recife_sul,"av = arterial",0.8
Agua Fria,Beberibe,av.beberibe,"av = arterial",0.8
Agua Fria,Aflitos,av.norte,"av = arterial",0.8
Agua Fria,Alto Jose Bonifacio,av.norte,"av = arterial",0.8
Agua Fria,Brejo Da Guabiraba,av.perimetral_norte,"av = arterial",0.8
Agua Fria,Cordeiro,av.caxanga,"av = arterial",0.8
Agua Fria,Engenho Do Meio,av.caxanga,"av = arterial",0.8
Agua Fria,Caxanga,av.caxanga,"av = arterial",0.8
Agua Fria,Afogados,av.abdias,"av = arterial",0.8
Agua Fria,Areias,av.abdias,"av = arterial",0.8
Agua Fria,Barro,br232_acesso,"rodovia arterial",0.8
Agua Fria,Boa Viagem,av.sul,"av = arterial",0.8
Agua Fria,Ibura,av.sul_prolong,"av = arterial",0.8
Agua Fria,Cohab,av.sul_prolong,"av = arterial",0.8
Beberibe,Aflitos,av.norte,"av = arterial",0.8
Beberibe,Alto Jose Bonifacio,av.norte,"av = arterial",0.8
Beberibe,Brejo Da Guabiraba,av.perimetral_norte,"av = arterial",0.8
Beberibe,Cordeiro,av.caxanga,"av = arterial",0.8
Beberibe,Engenho Do Meio,av.caxanga,"av = arterial",0.8
Beberibe,Caxanga,av.caxanga,"av = arterial",0.8
Beberibe,Afogados,av.abdias,"av = arterial",0.8
Beberibe,Areias,av.abdias,"av = arterial",0.8
Beberibe,Barro,br232_acesso,"rodovia arterial",0.8
Beberibe,Boa Viagem,av.sul,"av = arterial",0.8
Beberibe,Ibura,av.sul_prolong,"av = arterial",0.8
Beberibe,Cohab,av.sul_prolong,"av = arterial",0.8
Aflitos,Alto Jose Bonifacio,av.norte,"av = arterial",0.8
Aflitos,Brejo Da Guabiraba,av.perimetral_norte,"av = arterial",0.8
Aflitos,Cordeiro,av.caxanga,"av = arterial",0.8
Aflitos,Engenho Do Meio,av.caxanga,"av = arterial",0.8
Aflitos,Caxanga,av.caxanga,"av = arterial",0.8
Aflitos,Afogados,av.abdias,"av = arterial",0.8
Aflitos,Areias,av.abdias,"av = arterial",0.8
Aflitos,Barro,br232_acesso,"rodovia arterial",0.8
Aflitos,Boa Viagem,av.sul,"av = arterial",0.8
Aflitos,Ibura,av.sul_prolong,"av = arterial",0.8
Aflitos,Cohab,av.sul_prolong,"av = arterial",0.8
Alto Jose Bonifacio,Brejo Da Guabiraba,av.perimetral_norte,"av = arterial",0.8
Alto Jose Bonifacio,Cordeiro,av.caxanga,"av = arterial",0.8
Alto Jose Bonifacio,Engenho Do Meio,av.caxanga,"av = arterial",0.8
Alto Jose Bonifacio,Caxanga,av.caxanga,"av = arterial",0.8
Alto Jose Bonifacio,Afogados,av.abdias,"av = arterial",0.8
Alto Jose Bonifacio,Areias,av.abdias,"av = arterial",0.8
Alto Jose Bonifacio,Barro,br232_acesso,"rodovia arterial",0.8
Alto Jose Bonifacio,Boa Viagem,av.sul,"av = arterial",0.8
Alto Jose Bonifacio,Ibura,av.sul_prolong,"av = arterial",0.8
Alto Jose Bonifacio,Cohab,av.sul_prolong,"av = arterial",0.8
Brejo Da Guabiraba,Cordeiro,av.perimetral_oeste,"av = arterial",0.8
Brejo Da Guabiraba,Engenho Do Meio,av.perimetral_oeste,"av = arterial",0.8
Brejo Da Guabiraba,Caxanga,av.caxanga,"av = arterial",0.8
Brejo Da Guabiraba,Afogados,av.abdias,"av = arterial",0.8
Brejo Da Guabiraba,Areias,av.abdias,"av = arterial",0.8
Brejo Da Guabiraba,Barro,br232_acesso,"rodovia arterial",0.8
Brejo Da Guabiraba,Boa Viagem,av.sul,"av = arterial",0.8
Brejo Da Guabiraba,Ibura,av.sul_prolong,"av = arterial",0.8
Brejo Da Guabiraba,Cohab,av.sul_prolong,"av = arterial",0.8
Cordeiro,Engenho Do Meio,r.local_cordeiro_emeio,"r = rua",1.0
Cordeiro,Caxanga,av.caxanga,"av = arterial",0.8
Cordeiro,Afogados,av.abdias,"av = arterial",0.8
Cordeiro,Areias,av.abdias,"av = arterial",0.8
Cordeiro,Barro,br232_acesso,"rodovia arterial",0.8
Cordeiro,Boa Viagem,av.sul,"av = arterial",0.8
Cordeiro,Ibura,av.sul_prolong,"av = arterial",0.8
Cordeiro,Cohab,av.sul_prolong,"av = arterial",0.8
Engenho Do Meio,Caxanga,av.caxanga,"av = arterial",0.8
Engenho Do Meio,Afogados,av.abdias,"av = arterial",0.8
Engenho Do Meio,Areias,av.abdias,"av = arterial",0.8
Engenho Do Meio,Barro,br232_acesso,"rodovia arterial",0.8
Engenho Do Meio,Boa Viagem,av.sul,"av = arterial",0.8
Engenho Do Meio,Ibura,av.sul_prolong,"av = arterial",0.8
Engenho Do Meio,Cohab,av.sul_prolong,"av = arterial",0.8
Caxanga,Afogados,av.abdias,"av = arterial",0.8
Caxanga,Areias,av.abdias,"av = arterial",0.8
Caxanga,Barro,br232_acesso,"rodovia arterial",0.8
Caxanga,Boa Viagem,av.sul,"av = arterial",0.8
Caxanga,Ibura,av.sul_prolong,"av = arterial",0.8
Caxanga,Cohab,av.sul_prolong,"av = arterial",0.8
Afogados,Areias,av.recife,"av = arterial",0.8
Afogados,Barro,br232_acesso,"rodovia arterial",0.8
Afogados,Boa Viagem,av.sul,"av = arterial",0.8
Afogados,Ibura,av.recife_sul,"av = arterial",0.8
Afogados,Cohab,av.recife_sul,"av = arterial",0.8
Areias,Barro,br232_acesso,"rodovia arterial",0.8
Areias,Boa Viagem,av.recife,"av = arterial",0.8
Areias,Ibura,av.recife_sul,"av = arterial",0.8
Areias,Cohab,av.recife_sul,"av = arterial",0.8
Barro,Boa Viagem,av.recife,"av = arterial",0.8
Barro,Ibura,br232_prox_sul,"rodovia arterial",0.8
Barro,Cohab,br232_prox_sul,"rodovia arterial",0.8
Boa Viagem,Ibura,av.recife_sul,"av = arterial",0.8
Boa Viagem,Cohab,av.recife_sul,"av = arterial",0.8
Ibura,Cohab,r.local_ibura_cohab,"r = rua",1.0
Recife,Santo Amaro,p.mauricio_nassau+p.limoeiro,"p = ponte",1.2
Boa Vista,Cabanga,p.boa_vista+p.de_ferro+vd.cinco_pontas,"p = ponte; vd = viaduto",1.2
Boa Vista,Ilha Do Leite,r.dos_coelhos,"r = rua",1.0
Boa Vista,Paissandu,r.dos_coelhos+r.francisco_alves,"r = rua",1.0
Boa Vista,Santo Antonio,p.da_boa_vista,"p = ponte",1.2
Boa Vista,Sao Jose,p.da_boa_vista+p.de_ferro,"p = ponte",1.2
Boa Vista,Soledade,av.conde_da_boa_vista,"av = avenida",0.8
Cabanga,Ilha Do Leite,r.col_1_2,"r = rua",1.0
Cabanga,Paissandu,r.col_1_2,"r = rua",1.0
Cabanga,Santo Antonio,p.col_1_2,"p = ponte",1.2
Cabanga,Sao Jose,p.col_1_2,"p = ponte",1.2
Cabanga,Soledade,r.col_1_2,"r = rua",1.0
Ilha Do Leite,Paissandu,r.col_1_2,"r = rua",1.0
Ilha Do Leite,Santo Antonio,p.col_1_2,"p = ponte",1.2
Ilha Do Leite,Sao Jose,p.col_1_2,"p = ponte",1.2
Ilha Do Leite,Soledade,r.col_1_2,"r = rua",1.0
Paissandu,Santo Antonio,p.col_1_2,"p = ponte",1.2
Paissandu,Sao Jose,p.col_1_2,"p = ponte",1.2
Paissandu,Soledade,r.col_1_2,"r = rua",1.0
Santo Antonio,Sao Jose,p.col_1_2,"p = ponte",1.2
Santo Antonio,Soledade,r.col_1_2,"r = rua",1.0
Sao Jose,Soledade,r.col_1_2,"r = rua",1.0
Coelhos,Ilha Joana Bezerra,p.joaquim_cardozo,"p = ponte",1.2
Engenho Do Meio,Torroes,r.col_4_2,"r = rua",1.0
Caxanga,Cidade Universitaria,av.caxanga,"av = arterial",0.8
Caxanga,Varzea,av.caxanga,"av = arterial",0.8
Cidade Universitaria,Varzea,r.col_4_3,"r = rua",1.0
Ibura,Jordao,r.dr_julio_de_oliveira,"r = rua",1.0
bairro_origem,bairro_destino,logradouro,observacao,peso

Arruda,Campina Do Barreto,av.arruda__campina_do_barreto,"av = arterial",0.8
Arruda,Campo Grande,av.arruda__campo_grande,"av = arterial",0.8
Arruda,Encruzilhada,av.arruda__encruzilhada,"av = arterial",0.8
Arruda,Hipodromo,r.arruda__hipodromo,"r = rua",1.0
Arruda,Peixinhos,r.arruda__peixinhos,"r = rua",1.0
Arruda,Ponto De Parada,r.arruda__ponto_de_parada,"r = rua",1.0
Arruda,Rosarinho,r.arruda__rosarinho,"r = rua",1.0
Arruda,Torreao,r.arruda__torreao,"r = rua",1.0
Arruda,Jaqueira,av.arruda__jaqueira,"av = arterial",0.8
Arruda,Monteiro,r.arruda__monteiro,"r = rua",1.0
Arruda,Parnamirim,r.arruda__parnamirim,"r = rua",1.0
Arruda,Poco,r.arruda__poco,"r = rua",1.0
Arruda,Santana,r.arruda__santana,"r = rua",1.0
Arruda,Sitio Dos Pintos,r.arruda__sitio_dos_pintos,"r = rua",1.0
Arruda,Tamarineira,av.arruda__tamarineira,"av = arterial",0.8
Campina Do Barreto,Campo Grande,r.campina_do_barreto__campo_grande,"r = rua",1.0
Campina Do Barreto,Encruzilhada,r.campina_do_barreto__encruzilhada,"r = rua",1.0
Campina Do Barreto,Hipodromo,r.campina_do_barreto__hipodromo,"r = rua",1.0
Campina Do Barreto,Peixinhos,r.campina_do_barreto__peixinhos,"r = rua",1.0
Campina Do Barreto,Ponto De Parada,r.campina_do_barreto__ponto_de_parada,"r = rua",1.0
Campina Do Barreto,Rosarinho,r.campina_do_barreto__rosarinho,"r = rua",1.0
Campina Do Barreto,Torreao,r.campina_do_barreto__torreao,"r = rua",1.0
Campina Do Barreto,Jaqueira,r.campina_do_barreto__jaqueira,"r = rua",1.0
Campina Do Barreto,Monteiro,r.campina_do_barreto__monteiro,"r = rua",1.0
Campina Do Barreto,Parnamirim,r.campina_do_barreto__parnamirim,"r = rua",1.0
Campina Do Barreto,Poco,r.campina_do_barreto__poco,"r = rua",1.0
Campina Do Barreto,Santana,r.campina_do_barreto__santana,"r = rua",1.0
Campina Do Barreto,Sitio Dos Pintos,r.campina_do_barreto__sitio_dos_pintos,"r = rua",1.0
Campina Do Barreto,Tamarineira,av.campina_do_barreto__tamarineira,"av = arterial",0.8
Campo Grande,Encruzilhada,av.campo_grande__encruzilhada,"av = arterial",0.8
Campo Grande,Hipodromo,r.campo_grande__hipodromo,"r = rua",1.0
Campo Grande,Peixinhos,r.campo_grande__peixinhos,"r = rua",1.0
Campo Grande,Ponto De Parada,r.campo_grande__ponto_de_parada,"r = rua",1.0
Campo Grande,Rosarinho,r.campo_grande__rosarinho,"r = rua",1.0
Campo Grande,Torreao,r.campo_grande__torreao,"r = rua",1.0
Campo Grande,Jaqueira,av.campo_grande__jaqueira,"av = arterial",0.8
Campo Grande,Monteiro,r.campo_grande__monteiro,"r = rua",1.0
Campo Grande,Parnamirim,r.campo_grande__parnamirim,"r = rua",1.0
Campo Grande,Poco,r.campo_grande__poco,"r = rua",1.0
Campo Grande,Santana,r.campo_grande__santana,"r = rua",1.0
Campo Grande,Sitio Dos Pintos,r.campo_grande__sitio_dos_pintos,"r = rua",1.0
Campo Grande,Tamarineira,av.campo_grande__tamarineira,"av = arterial",0.8
Encruzilhada,Hipodromo,av.encruzilhada__hipodromo,"av = arterial",0.8
Encruzilhada,Peixinhos,av.encruzilhada__peixinhos,"av = arterial",0.8
Encruzilhada,Ponto De Parada,r.encruzilhada__ponto_de_parada,"r = rua",1.0
Encruzilhada,Rosarinho,av.encruzilhada__rosarinho,"av = arterial",0.8
Encruzilhada,Torreao,av.encruzilhada__torreao,"av = arterial",0.8
Encruzilhada,Jaqueira,av.encruzilhada__jaqueira,"av = arterial",0.8
Encruzilhada,Monteiro,r.encruzilhada__monteiro,"r = rua",1.0
Encruzilhada,Parnamirim,r.encruzilhada__parnamirim,"r = rua",1.0
Encruzilhada,Poco,r.encruzilhada__poco,"r = rua",1.0
Encruzilhada,Santana,r.encruzilhada__santana,"r = rua",1.0
Encruzilhada,Sitio Dos Pintos,r.encruzilhada__sitio_dos_pintos,"r = rua",1.0
Encruzilhada,Tamarineira,av.encruzilhada__tamarineira,"av = arterial",0.8
Hipodromo,Peixinhos,r.hipodromo__peixinhos,"r = rua",1.0
Hipodromo,Ponto De Parada,r.hipodromo__ponto_de_parada,"r = rua",1.0
Hipodromo,Rosarinho,r.hipodromo__rosarinho,"r = rua",1.0
Hipodromo,Torreao,r.hipodromo__torreao,"r = rua",1.0
Hipodromo,Jaqueira,r.hipodromo__jaqueira,"r = rua",1.0
Hipodromo,Monteiro,r.hipodromo__monteiro,"r = rua",1.0
Hipodromo,Parnamirim,r.hipodromo__parnamirim,"r = rua",1.0
Hipodromo,Poco,r.hipodromo__poco,"r = rua",1.0
Hipodromo,Santana,r.hipodromo__santana,"r = rua",1.0
Hipodromo,Sitio Dos Pintos,r.hipodromo__sitio_dos_pintos,"r = rua",1.0
Hipodromo,Tamarineira,av.hipodromo__tamarineira,"av = arterial",0.8
Peixinhos,Ponto De Parada,r.peixinhos__ponto_de_parada,"r = rua",1.0
Peixinhos,Rosarinho,av.peixinhos__rosarinho,"av = arterial",0.8
Peixinhos,Torreao,av.peixinhos__torreao,"av = arterial",0.8
Peixinhos,Jaqueira,av.peixinhos__jaqueira,"av = arterial",0.8
Peixinhos,Monteiro,r.peixinhos__monteiro,"r = rua",1.0
Peixinhos,Parnamirim,r.peixinhos__parnamirim,"r = rua",1.0
Peixinhos,Poco,r.peixinhos__poco,"r = rua",1.0
Peixinhos,Santana,r.peixinhos__santana,"r = rua",1.0
Peixinhos,Sitio Dos Pintos,r.peixinhos__sitio_dos_pintos,"r = rua",1.0
Peixinhos,Tamarineira,av.peixinhos__tamarineira,"av = arterial",0.8
Ponto De Parada,Rosarinho,r.ponto_de_parada__rosarinho,"r = rua",1.0
Ponto De Parada,Torreao,r.ponto_de_parada__torreao,"r = rua",1.0
Ponto De Parada,Jaqueira,r.ponto_de_parada__jaqueira,"r = rua",1.0
Ponto De Parada,Monteiro,r.ponto_de_parada__monteiro,"r = rua",1.0
Ponto De Parada,Parnamirim,r.ponto_de_parada__parnamirim,"r = rua",1.0
Ponto De Parada,Poco,r.ponto_de_parada__poco,"r = rua",1.0
Ponto De Parada,Santana,r.ponto_de_parada__santana,"r = rua",1.0
Ponto De Parada,Sitio Dos Pintos,r.ponto_de_parada__sitio_dos_pintos,"r = rua",1.0
Ponto De Parada,Tamarineira,r.ponto_de_parada__tamarineira,"r = rua",1.0
Rosarinho,Torreao,av.rosarinho__torreao,"av = arterial",0.8
Rosarinho,Jaqueira,av.rosarinho__jaqueira,"av = arterial",0.8
Rosarinho,Monteiro,r.rosarinho__monteiro,"r = rua",1.0
Rosarinho,Parnamirim,r.rosarinho__parnamirim,"r = rua",1.0
Rosarinho,Poco,r.rosarinho__poco,"r = rua",1.0
Rosarinho,Santana,r.rosarinho__santana,"r = rua",1.0
Rosarinho,Sitio Dos Pintos,r.rosarinho__sitio_dos_pintos,"r = rua",1.0
Rosarinho,Tamarineira,av.rosarinho__tamarineira,"av = arterial",0.8
Torreao,Jaqueira,av.torreao__jaqueira,"av = arterial",0.8
Torreao,Monteiro,r.torreao__monteiro,"r = rua",1.0
Torreao,Parnamirim,r.torreao__parnamirim,"r = rua",1.0
Torreao,Poco,r.torreao__poco,"r = rua",1.0
Torreao,Santana,r.torreao__santana,"r = rua",1.0
Torreao,Sitio Dos Pintos,r.torreao__sitio_dos_pintos,"r = rua",1.0
Torreao,Tamarineira,av.torreao__tamarineira,"av = arterial",0.8
Jaqueira,Monteiro,r.jaqueira__monteiro,"r = rua",1.0
Jaqueira,Parnamirim,r.jaqueira__parnamirim,"r = rua",1.0
Jaqueira,Poco,r.jaqueira__poco,"r = rua",1.0
Jaqueira,Santana,r.jaqueira__santana,"r = rua",1.0
Jaqueira,Sitio Dos Pintos,r.jaqueira__sitio_dos_pintos,"r = rua",1.0
Jaqueira,Tamarineira,av.jaqueira__tamarineira,"av = arterial",0.8
Monteiro,Parnamirim,r.monteiro__parnamirim,"r = rua",1.0
Monteiro,Poco,r.monteiro__poco,"r = rua",1.0
Monteiro,Santana,r.monteiro__santana,"r = rua",1.0
Monteiro,Sitio Dos Pintos,r.monteiro__sitio_dos_pintos,"r = rua",1.0
Monteiro,Tamarineira,r.monteiro__tamarineira,"r = rua",1.0
Parnamirim,Poco,r.parnamirim__poco,"r = rua",1.0
Parnamirim,Santana,r.parnamirim__santana,"r = rua",1.0
Parnamirim,Sitio Dos Pintos,r.parnamirim__sitio_dos_pintos,"r = rua",1.0
Parnamirim,Tamarineira,r.parnamirim__tamarineira,"r = rua",1.0
Poco,Santana,r.poco__santana,"r = rua",1.0
Poco,Sitio Dos Pintos,r.poco__sitio_dos_pintos,"r = rua",1.0
Poco,Tamarineira,r.poco__tamarineira,"r = rua",1.0
Santana,Sitio Dos Pintos,r.santana__sitio_dos_pintos,"r = rua",1.0
Santana,Tamarineira,r.santana__tamarineira,"r = rua",1.0
Sitio Dos Pintos,Tamarineira,r.sitio_dos_pintos__tamarineira,"r = rua",1.0
Agua Fria,Alto Santa Teresinha,r.agua_fria__alto_santa_teresinha,"r = rua",1.0
Agua Fria,Bomba Do Hemeterio,av.agua_fria__bomba_do_hemetério,"av = arterial",0.8
Agua Fria,Cajueiro,r.agua_fria__cajueiro,"r = rua",1.0
Agua Fria,Fundao,r.agua_fria__fundao,"r = rua",1.0
Agua Fria,Porto Da Madeira,r.agua_fria__porto_da_madeira,"r = rua",1.0
Agua Fria,Beberibe,av.agua_fria__beberibe,"av = arterial",0.8
Agua Fria,Dois Unidos,av.agua_fria__dois_unidos,"av = arterial",0.8
Agua Fria,Linha Do Tiro,av.agua_fria__linha_do_tiro,"av = arterial",0.8
Alto Santa Teresinha,Bomba Do Hemeterio,r.alto_santa_teresinha__bomba_do_hemetério,"r = rua",1.0
Alto Santa Teresinha,Cajueiro,r.alto_santa_teresinha__cajueiro,"r = rua",1.0
Alto Santa Teresinha,Fundao,r.alto_santa_teresinha__fundao,"r = rua",1.0
Alto Santa Teresinha,Porto Da Madeira,r.alto_santa_teresinha__porto_da_madeira,"r = rua",1.0
Alto Santa Teresinha,Beberibe,r.alto_santa_teresinha__beberibe,"r = rua",1.0
Alto Santa Teresinha,Dois Unidos,r.alto_santa_teresinha__dois_unidos,"r = rua",1.0
Alto Santa Teresinha,Linha Do Tiro,r.alto_santa_teresinha__linha_do_tiro,"r = rua",1.0
Bomba Do Hemeterio,Cajueiro,r.bomba_do_hemetério__cajueiro,"r = rua",1.0
Bomba Do Hemeterio,Fundao,r.bomba_do_hemetério__fundao,"r = rua",1.0
Bomba Do Hemeterio,Porto Da Madeira,r.bomba_do_hemetério__porto_da_madeira,"r = rua",1.0
Bomba Do Hemeterio,Beberibe,av.bomba_do_hemetério__beberibe,"av = arterial",0.8
Bomba Do Hemeterio,Dois Unidos,av.bomba_do_hemetério__dois_unidos,"av = arterial",0.8
Bomba Do Hemeterio,Linha Do Tiro,av.bomba_do_hemetério__linha_do_tiro,"av = arterial",0.8
Cajueiro,Fundao,r.cajueiro__fundao,"r = rua",1.0
Cajueiro,Porto Da Madeira,r.cajueiro__porto_da_madeira,"r = rua",1.0
Cajueiro,Beberibe,r.cajueiro__beberibe,"r = rua",1.0
Cajueiro,Dois Unidos,r.cajueiro__dois_unidos,"r = rua",1.0
Cajueiro,Linha Do Tiro,r.cajueiro__linha_do_tiro,"r = rua",1.0
Fundao,Porto Da Madeira,r.fundao__porto_da_madeira,"r = rua",1.0
Fundao,Beberibe,r.fundao__beberibe,"r = rua",1.0
Fundao,Dois Unidos,r.fundao__dois_unidos,"r = rua",1.0
Fundao,Linha Do Tiro,r.fundao__linha_do_tiro,"r = rua",1.0
Porto Da Madeira,Beberibe,av.porto_da_madeira__beberibe,"av = arterial",0.8
Porto Da Madeira,Dois Unidos,av.porto_da_madeira__dois_unidos,"av = arterial",0.8
Porto Da Madeira,Linha Do Tiro,av.porto_da_madeira__linha_do_tiro,"av = arterial",0.8
Beberibe,Dois Unidos,av.beberibe__dois_unidos,"av = arterial",0.8
Beberibe,Linha Do Tiro,av.beberibe__linha_do_tiro,"av = arterial",0.8
Dois Unidos,Linha Do Tiro,av.dois_unidos__linha_do_tiro,"av = arterial",0.8

Beberibe,Dois Unidos,av.23_beberibe__dois_unidos,"av = arterial",0.8
Beberibe,Linha Do Tiro,av.23_beberibe__linha_do_tiro,"av = arterial",0.8
Dois Unidos,Linha Do Tiro,av.23_dois_unidos__linha_do_tiro,"av = arterial",0.8
Aflitos,Alto Do Mandu,r.aflitos__alto_do_mandu,"r = rua",1.0
Aflitos,Apipucos,r.aflitos__apipucos,"r = rua",1.0
Aflitos,Casa Amarela,av.aflitos__casa_amarela,"av = arterial",0.8
Aflitos,Casa Forte,r.aflitos__casa_forte,"r = rua",1.0
Aflitos,Derby,av.aflitos__derby,"av = arterial",0.8
Aflitos,Dois Irmaos,r.aflitos__dois_irmaos,"r = rua",1.0
Aflitos,Espinheiro,av.aflitos__espinheiro,"av = arterial",0.8
Aflitos,Gracas,r.aflitos__gracas,"r = rua",1.0
Alto Do Mandu,Apipucos,r.alto_do_mandu__apipucos,"r = rua",1.0
Alto Do Mandu,Casa Amarela,r.alto_do_mandu__casa_amarela,"r = rua",1.0
Alto Do Mandu,Casa Forte,r.alto_do_mandu__casa_forte,"r = rua",1.0
Alto Do Mandu,Derby,r.alto_do_mandu__derby,"r = rua",1.0
Alto Do Mandu,Dois Irmaos,r.alto_do_mandu__dois_irmaos,"r = rua",1.0
Alto Do Mandu,Espinheiro,r.alto_do_mandu__espinheiro,"r = rua",1.0
Alto Do Mandu,Gracas,r.alto_do_mandu__gracas,"r = rua",1.0
Apipucos,Casa Amarela,r.apipucos__casa_amarela,"r = rua",1.0
Apipucos,Casa Forte,r.apipucos__casa_forte,"r = rua",1.0
Apipucos,Derby,r.apipucos__derby,"r = rua",1.0
Apipucos,Dois Irmaos,r.apipucos__dois_irmaos,"r = rua",1.0
Apipucos,Espinheiro,r.apipucos__espinheiro,"r = rua",1.0
Apipucos,Gracas,av.apipucos__gracas,"av = arterial",0.8
Casa Amarela,Casa Forte,av.casa_amarela__casa_forte,"av = arterial",0.8
Casa Amarela,Derby,av.casa_amarela__derby,"av = arterial",0.8
Casa Amarela,Dois Irmaos,r.casa_amarela__dois_irmaos,"r = rua",1.0
Casa Amarela,Espinheiro,av.casa_amarela__espinheiro,"av = arterial",0.8
Casa Amarela,Gracas,av.casa_amarela__gracas,"av = arterial",0.8
Casa Forte,Derby,av.casa_forte__derby,"av = arterial",0.8
Casa Forte,Dois Irmaos,r.casa_forte__dois_irmaos,"r = rua",1.0
Casa Forte,Espinheiro,r.casa_forte__espinheiro,"r = rua",1.0
Casa Forte,Gracas,av.casa_forte__gracas,"av = arterial",0.8
Derby,Dois Irmaos,r.derby__dois_irmaos,"r = rua",1.0
Derby,Espinheiro,av.derby__espinheiro,"av = arterial",0.8
Derby,Gracas,av.derby__gracas,"av = arterial",0.8
Dois Irmaos,Espinheiro,r.dois_irmaos__espinheiro,"r = rua",1.0
Dois Irmaos,Gracas,r.dois_irmaos__gracas,"r = rua",1.0
Espinheiro,Gracas,av.espinheiro__gracas,"av = arterial",0.8

Alto Jose Bonifacio,Alto Jose Do Pinho,r.alto_jose_bonifacio__alto_jose_do_pinho,"r = rua",1.0
Alto Jose Bonifacio,Mangabeira,r.alto_jose_bonifacio__mangabeira,"r = rua",1.0
Alto Jose Bonifacio,Morro Da Conceicao,r.alto_jose_bonifacio__morro_da_conceicao,"r = rua",1.0
Alto Jose Bonifacio,Vasco Da Gama,r.alto_jose_bonifacio__vasco_da_gama,"r = rua",1.0
Alto Jose Do Pinho,Mangabeira,r.alto_jose_do_pinho__mangabeira,"r = rua",1.0
Alto Jose Do Pinho,Morro Da Conceicao,r.alto_jose_do_pinho__morro_da_conceicao,"r = rua",1.0
Alto Jose Do Pinho,Vasco Da Gama,r.alto_jose_do_pinho__vasco_da_gama,"r = rua",1.0
Mangabeira,Morro Da Conceicao,r.mangabeira__morro_da_conceicao,"r = rua",1.0
Mangabeira,Vasco Da Gama,r.mangabeira__vasco_da_gama,"r = rua",1.0
Morro Da Conceicao,Vasco Da Gama,av.morro_da_conceicao__vasco_da_gama,"av = arterial",0.8
Brejo Da Guabiraba,Brejo De Beberibe,r.brejo_da_guabiraba__brejo_de_beberibe,"r = rua",1.0
Brejo Da Guabiraba,Corrego Do Jenipapo,r.brejo_da_guabiraba__corrego_do_jenipapo,"r = rua",1.0
Brejo Da Guabiraba,Guabiraba,r.brejo_da_guabiraba__guabiraba,"r = rua",1.0
Brejo Da Guabiraba,Macaxeira,av.brejo_da_guabiraba__macaxeira,"av = arterial",0.8
Brejo Da Guabiraba,Nova Descoberta,r.brejo_da_guabiraba__nova_descoberta,"r = rua",1.0
Brejo Da Guabiraba,Passarinho,r.brejo_da_guabiraba__passarinho,"r = rua",1.0
Brejo Da Guabiraba,Pau-Ferro,r.brejo_da_guabiraba__pau_ferro,"r = rua",1.0
Brejo De Beberibe,Corrego Do Jenipapo,r.brejo_de_beberibe__corrego_do_jenipapo,"r = rua",1.0
Brejo De Beberibe,Guabiraba,r.brejo_de_beberibe__guabiraba,"r = rua",1.0
Brejo De Beberibe,Macaxeira,r.brejo_de_beberibe__macaxeira,"r = rua",1.0
Brejo De Beberibe,Nova Descoberta,r.brejo_de_beberibe__nova_descoberta,"r = rua",1.0
Brejo De Beberibe,Passarinho,r.brejo_de_beberibe__passarinho,"r = rua",1.0
Brejo De Beberibe,Pau-Ferro,r.brejo_de_beberibe__pau_ferro,"r = rua",1.0
Corrego Do Jenipapo,Guabiraba,r.corrego_do_jenipapo__guabiraba,"r = rua",1.0
Corrego Do Jenipapo,Macaxeira,av.corrego_do_jenipapo__macaxeira,"av = arterial",0.8
Corrego Do Jenipapo,Nova Descoberta,r.corrego_do_jenipapo__nova_descoberta,"r = rua",1.0
Corrego Do Jenipapo,Passarinho,r.corrego_do_jenipapo__passarinho,"r = rua",1.0
Corrego Do Jenipapo,Pau-Ferro,r.corrego_do_jenipapo__pau_ferro,"r = rua",1.0
Guabiraba,Macaxeira,av.guabiraba__macaxeira,"av = arterial",0.8
Guabiraba,Nova Descoberta,r.guabiraba__nova_descoberta,"r = rua",1.0
Guabiraba,Passarinho,r.guabiraba__passarinho,"r = rua",1.0
Guabiraba,Pau-Ferro,r.guabiraba__pau_ferro,"r = rua",1.0
Macaxeira,Nova Descoberta,r.macaxeira__nova_descoberta,"r = rua",1.0
Macaxeira,Passarinho,r.macaxeira__passarinho,"r = rua",1.0
Macaxeira,Pau-Ferro,r.macaxeira__pau_ferro,"r = rua",1.0
Nova Descoberta,Passarinho,r.nova_descoberta__passarinho,"r = rua",1.0
Nova Descoberta,Pau-Ferro,r.nova_descoberta__pau_ferro,"r = rua",1.0
Passarinho,Pau-Ferro,r.passarinho__pau_ferro,"r = rua",1.0

Cordeiro,Ilha Do Retiro,r.cordeiro__ilha_do_retiro,"r = rua",1.0
Cordeiro,Iputinga,av.cordeiro__iputinga,"av = arterial",0.8
Cordeiro,Madalena,av.cordeiro__madalena,"av = arterial",0.8
Cordeiro,Prado,av.cordeiro__prado,"av = arterial",0.8
Cordeiro,Torre,av.cordeiro__torre,"av = arterial",0.8
Ilha Do Retiro,Iputinga,r.ilha_do_retiro__iputinga,"r = rua",1.0
Ilha Do Retiro,Madalena,p.ilha_do_retiro__madalena,"p = ponte",1.2
Ilha Do Retiro,Prado,r.ilha_do_retiro__prado,"r = rua",1.0
Ilha Do Retiro,Torre,p.ilha_do_retiro__torre,"p = ponte",1.2
Iputinga,Madalena,r.iputinga__madalena,"r = rua",1.0
Iputinga,Prado,r.iputinga__prado,"r = rua",1.0
Iputinga,Torre,av.iputinga__torre,"av = arterial",0.8
Madalena,Prado,r.madalena__prado,"r = rua",1.0
Madalena,Torre,av.madalena__torre,"av = arterial",0.8
Prado,Torre,r.prado__torre,"r = rua",1.0

Afogados,Bongi,r.afogados__bongi,"r = rua",1.0
Afogados,Mangueira,av.afogados__mangueira,"av = arterial",0.8
Afogados,Mustardinha,r.afogados__mustardinha,"r = rua",1.0
Afogados,San Martin,av.afogados__san_martin,"av = arterial",0.8
Bongi,Mangueira,av.bongi__mangueira,"av = arterial",0.8
Bongi,Mustardinha,r.bongi__mustardinha,"r = rua",1.0
Bongi,San Martin,r.bongi__san_martin,"r = rua",1.0
Mangueira,Mustardinha,r.mangueira__mustardinha,"r = rua",1.0
Mangueira,San Martin,av.mangueira__san_martin,"av = arterial",0.8
Mustardinha,San Martin,r.mustardinha__san_martin,"r = rua",1.0
Areias,Cacote,r.areias__cacote,"r = rua",1.0
Areias,Estancia,av.areias__estancia,"av = arterial",0.8
Areias,Jiquia,av.areias__jiquia,"av = arterial",0.8
Cacote,Estancia,r.cacote__estancia,"r = rua",1.0
Cacote,Jiquia,r.cacote__jiquia,"r = rua",1.0
Estancia,Jiquia,r.estancia__jiquia,"r = rua",1.0
Barro,Coqueiral,r.barro__coqueiral,"r = rua",1.0
Barro,Curado,br.barro__curado,"rodovia/anel - marcar 1.5 se quiser",1.3
Barro,Jardim Sao Paulo,av.barro__jardim_sao_paulo,"av = arterial",0.8
Barro,Sancho,r.barro__sancho,"r = rua",1.0
Barro,Tejipio,av.barro__tejipio,"av = arterial",0.8
Barro,Toto,br.barro__toto,"rodovia/anel - marcar 1.5 se gargalo",1.3
Coqueiral,Curado,r.coqueiral__curado,"r = rua",1.0
Coqueiral,Jardim Sao Paulo,r.coqueiral__jardim_sao_paulo,"r = rua",1.0
Coqueiral,Sancho,r.coqueiral__sancho,"r = rua",1.0
Coqueiral,Tejipio,r.coqueiral__tejipio,"r = rua",1.0
Coqueiral,Toto,r.coqueiral__toto,"r = rua",1.0
Curado,Jardim Sao Paulo,av.curado__jardim_sao_paulo,"av = arterial",0.8
Curado,Sancho,r.curado__sancho,"r = rua",1.0
Curado,Tejipio,br.curado__tejipio,"rodovia local",1.3
Curado,Toto,br.curado__toto,"rodovia local",1.5
Jardim Sao Paulo,Sancho,r.jardim_sao_paulo__sancho,"r = rua",1.0
Jardim Sao Paulo,Tejipio,av.jardim_sao_paulo__tejipio,"av = arterial",0.8
Jardim Sao Paulo,Toto,r.jardim_sao_paulo__toto,"r = rua",1.0
Sancho,Tejipio,r.sancho__tejipio,"r = rua",1.0
Sancho,Toto,r.sancho__toto,"r = rua",1.0
Tejipio,Toto,av.tejipio__toto,"av = arterial",0.8
Boa Viagem,Brasilia Teimosa,p.boa_viagem__brasilia_teimosa,"p = ponte/orla",1.2
Boa Viagem,Imbiribeira,av.boa_viagem__imbiribeira,"av = arterial",0.8
Boa Viagem,Ipsep,vd.boa_viagem__ipsep,"vd = viaduto",1.2
Boa Viagem,Pina,av.boa_viagem__pina,"av = arterial",0.8
Brasilia Teimosa,Imbiribeira,av.brasilia_teimosa__imbiribeira,"av = arterial",0.8
Brasilia Teimosa,Ipsep,r.brasilia_teimosa__ipsep,"r = rua",1.0
Brasilia Teimosa,Pina,p.brasilia_teimosa__pina,"p = ponte",1.2
Imbiribeira,Ipsep,r.imbiribeira__ipsep,"r = rua",1.0
Imbiribeira,Pina,av.imbiribeira__pina,"av = arterial",0.8
Ipsep,Pina,av.ipsep__pina,"av = arterial",0.8